Endgame, White, Parameter, Move,number_of_evaluations
1,False,3,1,8
1,False,3,2,8
1,False,3,3,7
1,False,3,4,7
1,False,3,5,7
1,False,3,6,6
1,False,3,7,7
1,False,3,8,6
1,False,3,9,6
1,False,3,10,7
1,False,3,11,6
1,False,3,12,6
1,False,3,13,4
1,False,3,14,6
1,False,3,15,4
1,False,3,16,6
1,False,3,17,4
1,False,3,18,6
1,False,3,19,4
1,False,3,20,6
1,False,3,21,4
1,False,3,22,6
1,False,3,23,4
1,False,3,24,6
1,False,3,25,4
1,False,3,26,6
1,False,3,27,4
1,False,3,28,6
1,False,3,29,4
1,False,3,30,6
1,False,3,31,4
1,False,3,32,6
1,False,3,33,4
1,False,3,34,6
1,False,3,35,19
1,False,3,36,23
1,False,3,37,21
1,False,3,38,23
1,False,3,39,19
1,False,3,40,43
1,False,3,41,31
1,False,3,42,24
1,False,3,43,20
1,False,3,44,28
1,False,3,45,20
1,False,3,46,21
1,False,3,47,27
1,False,3,48,30
1,False,3,49,43
1,False,3,50,71
1,False,3,51,25
1,False,3,52,71
1,False,3,53,25
1,False,3,54,71
1,False,3,55,25
1,False,3,56,71
1,False,3,57,25
1,False,3,58,71
1,False,3,59,25
1,False,3,60,71
1,False,3,61,25
1,False,3,62,71
1,False,3,63,25
1,False,3,64,71
1,False,3,65,25
1,False,3,66,71
1,False,3,67,25
1,False,3,68,71
1,False,3,69,25
1,False,3,70,71
1,False,3,71,25
1,False,3,72,71
1,False,3,73,25
1,False,3,74,15
1,False,3,75,170
1,False,3,76,186
1,False,3,77,190
1,False,3,78,184
1,False,3,79,110
1,False,3,80,62
1,False,3,81,63
1,False,3,82,265
1,False,3,83,150
1,False,3,84,158
1,False,3,85,148
1,False,3,86,158
1,False,3,87,148
1,False,3,88,158
1,False,3,89,148
1,False,3,90,158
1,False,3,91,148
1,False,3,92,158
1,False,3,93,148
1,False,3,94,158
1,False,3,95,148
1,False,3,96,158
1,False,3,97,148
1,False,3,98,158
1,False,3,99,148
1,False,3,100,158
1,False,3,101,148
1,False,3,102,158
1,False,3,103,148
1,False,3,104,158
1,False,3,105,148
1,False,3,106,158
1,False,3,107,22
1,False,3,108,342
1,False,3,109,1219
1,False,3,110,351
1,False,3,111,426
1,False,3,112,806
1,False,3,113,771
1,False,3,114,1491
1,False,3,115,706
1,False,3,116,2211
1,False,3,117,9059
1,False,3,118,1591
1,False,3,119,1219
1,False,3,120,3269
1,False,3,121,1246
1,False,3,122,2684
1,False,3,123,1086
1,False,3,124,991
1,False,3,125,1305
1,False,3,126,991
1,False,3,127,1305
1,False,3,128,991
1,False,3,129,1305
1,False,3,130,991
1,False,3,131,1305
1,False,3,132,991
1,False,3,133,1305
1,False,3,134,991
1,False,3,135,1305
1,False,3,136,991
1,False,3,137,1305
1,False,3,138,991
1,False,3,139,1305
1,False,3,140,991
1,False,3,141,1305
1,False,3,142,991
1,False,3,143,1305
1,False,3,144,187
1,False,3,145,1755
1,False,3,146,2030
1,False,3,147,9538
1,False,3,148,3763
1,False,3,149,1629
1,False,3,150,1464
1,False,3,151,1629
1,False,3,152,1464
1,False,3,153,1629
1,False,3,154,1464
1,False,3,155,1629
1,False,3,156,1464
1,False,3,157,1629
1,False,3,158,1464
1,False,3,159,1629
1,False,3,160,1464
1,False,3,161,1629
1,False,3,162,1464
1,False,3,163,1629
1,False,3,164,1464
1,False,3,165,1629
1,False,3,166,1464
1,False,3,167,1629
1,False,3,168,1464
1,False,3,169,536
1,False,3,170,2060
1,False,3,171,1234
1,False,3,172,1155
1,False,3,173,1234
1,False,3,174,1155
1,False,3,175,1234
1,False,3,176,1155
1,False,3,177,1234
1,False,3,178,1155
1,False,3,179,1234
1,False,3,180,1155
1,False,3,181,1234
1,False,3,182,1155
1,False,3,183,1234
1,False,3,184,1155
1,False,3,185,1234
1,False,3,186,1155
1,False,3,187,1234
1,False,3,188,1155
1,False,3,189,1234
1,False,3,190,1155
1,False,3,191,1234
1,False,3,192,1155
1,False,3,193,1234
1,False,3,194,263
1,False,3,195,901
1,False,3,196,1666
1,False,3,197,1123
1,False,3,198,1999
1,False,3,199,1123
1,False,3,200,1999
1,False,3,201,1123
1,False,3,202,1999
1,False,3,203,1123
1,False,3,204,1999
1,False,3,205,1123
1,False,3,206,1999
1,False,3,207,1123
1,False,3,208,1999
1,False,3,209,1123
1,False,3,210,1999
1,False,3,211,1123
1,False,3,212,1999
1,False,3,213,1123
1,False,3,214,1999
1,False,3,215,1123
1,False,3,216,1999
1,False,3,217,1123
1,False,3,218,1999
1,False,3,219,321
1,False,3,220,1993
1,False,3,221,13847
1,False,3,222,3126
1,False,3,223,1300
1,False,3,224,1400
1,False,3,225,1147
1,False,3,226,1400
1,False,3,227,1147
1,False,3,228,1400
1,False,3,229,1147
1,False,3,230,1400
1,False,3,231,1147
1,False,3,232,1400
1,False,3,233,1147
1,False,3,234,1400
1,False,3,235,1147
1,False,3,236,1400
1,False,3,237,1147
1,False,3,238,1400
1,False,3,239,1147
1,False,3,240,1400
1,False,3,241,1147
1,False,3,242,1400
1,False,3,243,1147
1,False,3,244,420
1,False,3,245,2864
1,False,3,246,3593
1,False,3,247,1845
1,False,3,248,3593
1,False,3,249,1845
1,False,3,250,3593
1,False,3,251,1845
1,False,3,252,3593
1,False,3,253,1845
1,False,3,254,3593
1,False,3,255,1845
1,False,3,256,3593
1,False,3,257,1845
1,False,3,258,3593
1,False,3,259,1845
1,False,3,260,3593
1,False,3,261,1845
1,False,3,262,3593
1,False,3,263,1845
1,False,3,264,3593
1,False,3,265,1845
1,False,3,266,3593
1,False,3,267,1845
1,False,3,268,3593
1,False,3,269,676
1,False,3,270,5
1,False,3,271,2208
1,False,3,272,2732
1,False,3,273,912
1,False,3,274,1568
1,False,3,275,2574
1,False,3,276,2579
1,False,3,277,4409
1,False,3,278,2383
1,False,3,279,1861
1,False,3,280,2287
1,False,3,281,3735
1,False,3,282,2068
1,False,3,283,1458
1,False,3,284,3116
1,False,3,285,4193
1,False,3,286,9921
1,False,3,287,8965
1,False,3,288,4285
1,False,3,289,8965
1,False,3,290,4285
1,False,3,291,8965
1,False,3,292,4285
1,False,3,293,8965
1,False,3,294,4285
1,False,3,295,8965
1,False,3,296,4285
1,False,3,297,8965
1,False,3,298,4285
1,False,3,299,8965
1,False,3,300,4285
1,False,3,301,8965
1,False,3,302,4285
1,False,3,303,8965
1,False,3,304,4285
1,False,3,305,8965
1,False,3,306,4285
1,False,3,307,8965
1,False,3,308,4285
1,False,3,309,8965
1,False,3,310,3781
1,False,3,311,7118
1,False,3,312,5432
1,False,3,313,7723
1,False,3,314,5336
1,False,3,315,5680
1,False,3,316,7440
1,False,3,317,5680
1,False,3,318,7440
1,False,3,319,5680
1,False,3,320,7440
1,False,3,321,5680
1,False,3,322,7440
1,False,3,323,5680
1,False,3,324,7440
1,False,3,325,5680
1,False,3,326,7440
1,False,3,327,5680
1,False,3,328,7440
1,False,3,329,5680
1,False,3,330,7440
1,False,3,331,5680
1,False,3,332,7440
1,False,3,333,5680
1,False,3,334,7440
1,False,3,335,5680
1,False,3,336,7440
1,False,3,337,4357
1,False,3,338,7026
1,False,3,339,31286
1,False,3,340,39610
1,False,3,341,35322
1,False,3,342,41478
1,False,3,343,8
1,False,3,344,8
1,False,3,345,7
1,False,3,346,7
1,False,3,347,7
1,False,3,348,7
1,False,3,349,6
1,False,3,350,7
1,False,3,351,6
1,False,3,352,6
1,False,3,353,7
1,False,3,354,6
1,False,3,355,6
1,False,3,356,4
1,False,3,357,6
1,False,3,358,4
1,False,3,359,6
1,False,3,360,4
1,False,3,361,6
1,False,3,362,4
1,False,3,363,6
1,False,3,364,4
1,False,3,365,6
1,False,3,366,4
1,False,3,367,6
1,False,3,368,4
1,False,3,369,6
1,False,3,370,4
1,False,3,371,6
1,False,3,372,4
1,False,3,373,6
1,False,3,374,4
1,False,3,375,6
1,False,3,376,4
1,False,3,377,7
1,False,3,378,6
1,False,3,379,4
1,False,3,380,6
1,False,3,381,4
1,False,3,382,6
1,False,3,383,4
1,False,3,384,6
1,False,3,385,4
1,False,3,386,6
1,False,3,387,4
1,False,3,388,6
1,False,3,389,4
1,False,3,390,6
1,False,3,391,4
1,False,3,392,6
1,False,3,393,4
1,False,3,394,6
1,False,3,395,4
1,False,3,396,6
1,False,3,397,4
1,False,3,398,6
1,False,3,399,4
1,False,3,400,6
1,False,3,401,4
1,False,3,402,6
1,False,3,403,19
1,False,3,404,30
1,False,3,405,34
1,False,3,406,22
1,False,3,407,20
1,False,3,408,37
1,False,3,409,71
1,False,3,410,77
1,False,3,411,65
1,False,3,412,75
1,False,3,413,45
1,False,3,414,30
1,False,3,415,45
1,False,3,416,30
1,False,3,417,45
1,False,3,418,30
1,False,3,419,45
1,False,3,420,30
1,False,3,421,45
1,False,3,422,30
1,False,3,423,45
1,False,3,424,30
1,False,3,425,45
1,False,3,426,30
1,False,3,427,45
1,False,3,428,30
1,False,3,429,45
1,False,3,430,30
1,False,3,431,45
1,False,3,432,30
1,False,3,433,45
1,False,3,434,30
1,False,3,435,45
1,False,3,436,30
1,False,3,437,37
1,False,3,438,46
1,False,3,439,30
1,False,3,440,125
1,False,3,441,64
1,False,3,442,170
1,False,3,443,138
1,False,3,444,156
1,False,3,445,104
1,False,3,446,67
1,False,3,447,140
1,False,3,448,130
1,False,3,449,134
1,False,3,450,226
1,False,3,451,162
1,False,3,452,226
1,False,3,453,162
1,False,3,454,226
1,False,3,455,162
1,False,3,456,226
1,False,3,457,162
1,False,3,458,226
1,False,3,459,162
1,False,3,460,226
1,False,3,461,162
1,False,3,462,226
1,False,3,463,162
1,False,3,464,226
1,False,3,465,162
1,False,3,466,226
1,False,3,467,162
1,False,3,468,226
1,False,3,469,162
1,False,3,470,226
1,False,3,471,162
1,False,3,472,226
1,False,3,473,162
1,False,3,474,117
1,False,3,475,178
1,False,3,476,35
1,False,3,477,104
1,False,3,478,94
1,False,3,479,208
1,False,3,480,105
1,False,3,481,197
1,False,3,482,101
1,False,3,483,92
1,False,3,484,101
1,False,3,485,92
1,False,3,486,101
1,False,3,487,92
1,False,3,488,101
1,False,3,489,92
1,False,3,490,101
1,False,3,491,92
1,False,3,492,101
1,False,3,493,92
1,False,3,494,101
1,False,3,495,92
1,False,3,496,101
1,False,3,497,92
1,False,3,498,101
1,False,3,499,92
1,False,3,500,101
1,False,3,501,92
1,False,3,502,101
1,False,3,503,92
1,False,3,504,56
1,False,3,505,67
1,False,3,506,62
1,False,3,507,67
1,False,3,508,62
1,False,3,509,67
1,False,3,510,62
1,False,3,511,67
1,False,3,512,62
1,False,3,513,67
1,False,3,514,62
1,False,3,515,67
1,False,3,516,62
1,False,3,517,67
1,False,3,518,62
1,False,3,519,67
1,False,3,520,62
1,False,3,521,67
1,False,3,522,62
1,False,3,523,67
1,False,3,524,62
1,False,3,525,67
1,False,3,526,62
1,False,3,527,67
1,False,3,528,62
1,False,3,529,55
1,False,3,530,60
1,False,3,531,55
1,False,3,532,40
1,False,3,533,342
1,False,3,534,454
1,False,3,535,665
1,False,3,536,596
1,False,3,537,486
1,False,3,538,244
1,False,3,539,342
1,False,3,540,755
1,False,3,541,434
1,False,3,542,472
1,False,3,543,837
1,False,3,544,5135
1,False,3,545,3788
1,False,3,546,1253
1,False,3,547,1573
1,False,3,548,864
1,False,3,549,1042
1,False,3,550,864
1,False,3,551,1042
1,False,3,552,864
1,False,3,553,1042
1,False,3,554,864
1,False,3,555,1042
1,False,3,556,864
1,False,3,557,1042
1,False,3,558,864
1,False,3,559,1042
1,False,3,560,864
1,False,3,561,1042
1,False,3,562,864
1,False,3,563,1042
1,False,3,564,864
1,False,3,565,1042
1,False,3,566,864
1,False,3,567,1042
1,False,3,568,864
1,False,3,569,327
1,False,3,570,3516
1,False,3,571,5830
1,False,3,572,7921
1,False,3,573,6325
1,False,3,574,3382
1,False,3,575,7893
1,False,3,576,6932
1,False,3,577,6325
1,False,3,578,3382
1,False,3,579,7893
1,False,3,580,6932
1,False,3,581,6325
1,False,3,582,3382
1,False,3,583,7893
1,False,3,584,6932
1,False,3,585,6325
1,False,3,586,3382
1,False,3,587,7893
1,False,3,588,6932
1,False,3,589,6325
1,False,3,590,3382
1,False,3,591,7893
1,False,3,592,6932
1,False,3,593,6325
1,False,3,594,1179
1,False,3,595,3662
1,False,3,596,3278
1,False,3,597,2113
1,False,3,598,7639
1,False,3,599,6667
1,False,3,600,6084
1,False,3,601,2793
1,False,3,602,7639
1,False,3,603,6667
1,False,3,604,6084
1,False,3,605,2793
1,False,3,606,7639
1,False,3,607,6667
1,False,3,608,6084
1,False,3,609,2793
1,False,3,610,7639
1,False,3,611,6667
1,False,3,612,6084
1,False,3,613,2793
1,False,3,614,7639
1,False,3,615,6667
1,False,3,616,6084
1,False,3,617,2793
1,False,3,618,7639
1,False,3,619,1384
1,False,3,620,4207
1,False,3,621,6226
1,False,3,622,4915
1,False,3,623,2755
1,False,3,624,6025
1,False,3,625,4765
1,False,3,626,4915
1,False,3,627,2755
1,False,3,628,6025
1,False,3,629,4765
1,False,3,630,4915
1,False,3,631,2755
1,False,3,632,6025
1,False,3,633,4765
1,False,3,634,4915
1,False,3,635,2755
1,False,3,636,6025
1,False,3,637,4765
1,False,3,638,4915
1,False,3,639,2755
1,False,3,640,6025
1,False,3,641,4765
1,False,3,642,4915
1,False,3,643,2755
1,False,3,644,1427
1,False,3,645,580
1,False,3,646,810
1,False,3,647,938
1,False,3,648,1036
1,False,3,649,733
1,False,3,650,810
1,False,3,651,938
1,False,3,652,1036
1,False,3,653,733
1,False,3,654,810
1,False,3,655,938
1,False,3,656,1036
1,False,3,657,733
1,False,3,658,810
1,False,3,659,938
1,False,3,660,1036
1,False,3,661,733
1,False,3,662,810
1,False,3,663,938
1,False,3,664,1036
1,False,3,665,733
1,False,3,666,810
1,False,3,667,938
1,False,3,668,1036
1,False,3,669,114
1,False,3,670,1435
1,False,3,671,1502
1,False,3,672,1414
1,False,3,673,2208
1,False,3,674,1594
1,False,3,675,1504
1,False,3,676,1003
1,False,3,677,735
1,False,3,678,841
1,False,3,679,2750
1,False,3,680,2388
1,False,3,681,10857
1,False,3,682,6098
1,False,3,683,10857
1,False,3,684,6098
1,False,3,685,10857
1,False,3,686,6098
1,False,3,687,10857
1,False,3,688,6098
1,False,3,689,10857
1,False,3,690,6098
1,False,3,691,10857
1,False,3,692,6098
1,False,3,693,10857
1,False,3,694,6098
1,False,3,695,10857
1,False,3,696,6098
1,False,3,697,10857
1,False,3,698,6098
1,False,3,699,10857
1,False,3,700,6098
1,False,3,701,10857
1,False,3,702,6098
1,False,3,703,10857
1,False,3,704,2678
1,False,3,705,2891
1,False,3,706,1
1,False,3,707,8
1,False,3,708,8
1,False,3,709,7
1,False,3,710,7
1,False,3,711,7
1,False,3,712,6
1,False,3,713,6
1,False,3,714,23
1,False,3,715,5
1,False,3,716,6
1,False,3,717,4
1,False,3,718,6
1,False,3,719,8
1,False,3,720,8
1,False,3,721,8
1,False,3,722,4
1,False,3,723,5
1,False,3,724,5
1,False,3,725,5
1,False,3,726,5
1,False,3,727,5
1,False,3,728,5
1,False,3,729,5
1,False,3,730,5
1,False,3,731,5
1,False,3,732,5
1,False,3,733,5
1,False,3,734,5
1,False,3,735,5
1,False,3,736,5
1,False,3,737,5
1,False,3,738,5
1,False,3,739,5
1,False,3,740,5
1,False,3,741,5
1,False,3,742,5
1,False,3,743,5
1,False,3,744,5
1,False,3,745,5
1,False,3,746,7
1,False,3,747,5
1,False,3,748,7
1,False,3,749,6
1,False,3,750,7
1,False,3,751,6
1,False,3,752,7
1,False,3,753,6
1,False,3,754,7
1,False,3,755,6
1,False,3,756,7
1,False,3,757,6
1,False,3,758,7
1,False,3,759,6
1,False,3,760,7
1,False,3,761,6
1,False,3,762,7
1,False,3,763,6
1,False,3,764,7
1,False,3,765,6
1,False,3,766,7
1,False,3,767,6
1,False,3,768,7
1,False,3,769,6
1,False,3,770,7
1,False,3,771,5
1,False,3,772,7
1,False,3,773,3
1,False,3,774,3
1,False,3,775,4
1,False,3,776,4
1,False,3,777,4
1,False,3,778,4
1,False,3,779,4
1,False,3,780,4
1,False,3,781,4
1,False,3,782,4
1,False,3,783,4
1,False,3,784,4
1,False,3,785,4
1,False,3,786,4
1,False,3,787,4
1,False,3,788,4
1,False,3,789,4
1,False,3,790,4
1,False,3,791,4
1,False,3,792,4
1,False,3,793,4
1,False,3,794,4
1,False,3,795,4
1,False,3,796,4
1,False,3,797,4
1,False,3,798,4
1,False,3,799,3
1,False,3,800,4
1,False,3,801,3
1,False,3,802,4
1,False,3,803,3
1,False,3,804,4
1,False,3,805,3
1,False,3,806,4
1,False,3,807,3
1,False,3,808,4
1,False,3,809,3
1,False,3,810,4
1,False,3,811,3
1,False,3,812,4
1,False,3,813,3
1,False,3,814,4
1,False,3,815,3
1,False,3,816,4
1,False,3,817,3
1,False,3,818,4
1,False,3,819,3
1,False,3,820,4
1,False,3,821,3
1,False,3,822,4
1,False,3,823,1
1,False,3,824,65
1,False,3,825,27
1,False,3,826,29
1,False,3,827,46
1,False,3,828,33
1,False,3,829,29
1,False,3,830,36
1,False,3,831,35
1,False,3,832,79
1,False,3,833,70
1,False,3,834,72
1,False,3,835,62
1,False,3,836,85
1,False,3,837,77
1,False,3,838,84
1,False,3,839,59
1,False,3,840,76
1,False,3,841,65
1,False,3,842,76
1,False,3,843,65
1,False,3,844,76
1,False,3,845,65
1,False,3,846,76
1,False,3,847,65
1,False,3,848,76
1,False,3,849,65
1,False,3,850,76
1,False,3,851,65
1,False,3,852,76
1,False,3,853,65
1,False,3,854,76
1,False,3,855,65
1,False,3,856,76
1,False,3,857,65
1,False,3,858,76
1,False,3,859,65
1,False,3,860,44
1,False,3,861,65
1,False,3,862,76
1,False,3,863,78
1,False,3,864,67
1,False,3,865,66
1,False,3,866,67
1,False,3,867,66
1,False,3,868,67
1,False,3,869,66
1,False,3,870,67
1,False,3,871,66
1,False,3,872,67
1,False,3,873,66
1,False,3,874,67
1,False,3,875,66
1,False,3,876,67
1,False,3,877,66
1,False,3,878,67
1,False,3,879,66
1,False,3,880,67
1,False,3,881,66
1,False,3,882,67
1,False,3,883,66
1,False,3,884,67
1,False,3,885,57
1,False,3,886,62
1,False,3,887,63
1,False,3,888,62
1,False,3,889,63
1,False,3,890,62
1,False,3,891,63
1,False,3,892,62
1,False,3,893,63
1,False,3,894,62
1,False,3,895,63
1,False,3,896,62
1,False,3,897,63
1,False,3,898,62
1,False,3,899,63
1,False,3,900,62
1,False,3,901,63
1,False,3,902,62
1,False,3,903,63
1,False,3,904,62
1,False,3,905,63
1,False,3,906,62
1,False,3,907,63
1,False,3,908,62
1,False,3,909,63
1,False,3,910,45
1,False,3,911,46
1,False,3,912,60
1,False,3,913,51
1,False,3,914,60
1,False,3,915,51
1,False,3,916,60
1,False,3,917,51
1,False,3,918,60
1,False,3,919,51
1,False,3,920,60
1,False,3,921,51
1,False,3,922,60
1,False,3,923,51
1,False,3,924,60
1,False,3,925,51
1,False,3,926,60
1,False,3,927,51
1,False,3,928,60
1,False,3,929,51
1,False,3,930,60
1,False,3,931,51
1,False,3,932,60
1,False,3,933,51
1,False,3,934,60
1,False,3,935,49
1,False,3,936,72
1,False,3,937,129
1,False,3,938,52
1,False,3,939,50
1,False,3,940,62
1,False,3,941,50
1,False,3,942,62
1,False,3,943,50
1,False,3,944,62
1,False,3,945,50
1,False,3,946,62
1,False,3,947,50
1,False,3,948,62
1,False,3,949,50
1,False,3,950,62
1,False,3,951,50
1,False,3,952,62
1,False,3,953,50
1,False,3,954,62
1,False,3,955,50
1,False,3,956,62
1,False,3,957,50
1,False,3,958,62
1,False,3,959,50
1,False,3,960,56
1,False,3,961,60
1,False,3,962,58
1,False,3,963,60
1,False,3,964,58
1,False,3,965,60
1,False,3,966,58
1,False,3,967,60
1,False,3,968,58
1,False,3,969,60
1,False,3,970,58
1,False,3,971,60
1,False,3,972,58
1,False,3,973,60
1,False,3,974,58
1,False,3,975,60
1,False,3,976,58
1,False,3,977,60
1,False,3,978,58
1,False,3,979,60
1,False,3,980,58
1,False,3,981,60
1,False,3,982,58
1,False,3,983,60
1,False,3,984,58
1,False,3,985,60
1,False,3,986,1
1,False,3,987,223
1,False,3,988,258
1,False,3,989,243
1,False,3,990,277
1,False,3,991,242
1,False,3,992,225
1,False,3,993,143
1,False,3,994,231
1,False,3,995,293
1,False,3,996,227
1,False,3,997,311
1,False,3,998,2140
1,False,3,999,1153
1,False,3,1000,799
1,False,3,1001,1018
1,False,3,1002,635
1,False,3,1003,1041
1,False,3,1004,635
1,False,3,1005,1041
1,False,3,1006,635
1,False,3,1007,1041
1,False,3,1008,635
1,False,3,1009,1041
1,False,3,1010,635
1,False,3,1011,1041
1,False,3,1012,635
1,False,3,1013,1041
1,False,3,1014,635
1,False,3,1015,1041
1,False,3,1016,635
1,False,3,1017,1041
1,False,3,1018,635
1,False,3,1019,1041
1,False,3,1020,635
1,False,3,1021,1041
1,False,3,1022,635
1,False,3,1023,326
1,False,3,1024,1915
1,False,3,1025,1788
1,False,3,1026,2187
1,False,3,1027,2024
1,False,3,1028,2086
1,False,3,1029,2027
1,False,3,1030,1887
1,False,3,1031,2024
1,False,3,1032,2086
1,False,3,1033,2027
1,False,3,1034,1887
1,False,3,1035,2024
1,False,3,1036,2086
1,False,3,1037,2027
1,False,3,1038,1887
1,False,3,1039,2024
1,False,3,1040,2086
1,False,3,1041,2027
1,False,3,1042,1887
1,False,3,1043,2024
1,False,3,1044,2086
1,False,3,1045,2027
1,False,3,1046,1887
1,False,3,1047,2024
1,False,3,1048,364
1,False,3,1049,1955
1,False,3,1050,1806
1,False,3,1051,1843
1,False,3,1052,1799
1,False,3,1053,1643
1,False,3,1054,1814
1,False,3,1055,1843
1,False,3,1056,1799
1,False,3,1057,1643
1,False,3,1058,1814
1,False,3,1059,1843
1,False,3,1060,1799
1,False,3,1061,1643
1,False,3,1062,1814
1,False,3,1063,1843
1,False,3,1064,1799
1,False,3,1065,1643
1,False,3,1066,1814
1,False,3,1067,1843
1,False,3,1068,1799
1,False,3,1069,1643
1,False,3,1070,1814
1,False,3,1071,1843
1,False,3,1072,1799
1,False,3,1073,294
1,False,3,1074,1670
1,False,3,1075,2186
1,False,3,1076,1888
1,False,3,1077,1499
1,False,3,1078,2098
1,False,3,1079,1706
1,False,3,1080,1888
1,False,3,1081,1499
1,False,3,1082,2098
1,False,3,1083,1706
1,False,3,1084,1888
1,False,3,1085,1499
1,False,3,1086,2098
1,False,3,1087,1706
1,False,3,1088,1888
1,False,3,1089,1499
1,False,3,1090,2098
1,False,3,1091,1706
1,False,3,1092,1888
1,False,3,1093,1499
1,False,3,1094,2098
1,False,3,1095,1706
1,False,3,1096,1888
1,False,3,1097,1499
1,False,3,1098,241
1,False,3,1099,429
1,False,3,1100,809
1,False,3,1101,708
1,False,3,1102,887
1,False,3,1103,694
1,False,3,1104,809
1,False,3,1105,708
1,False,3,1106,887
1,False,3,1107,694
1,False,3,1108,809
1,False,3,1109,708
1,False,3,1110,887
1,False,3,1111,694
1,False,3,1112,809
1,False,3,1113,708
1,False,3,1114,887
1,False,3,1115,694
1,False,3,1116,809
1,False,3,1117,708
1,False,3,1118,887
1,False,3,1119,694
1,False,3,1120,809
1,False,3,1121,708
1,False,3,1122,887
1,False,3,1123,89
1,False,3,1124,1428
1,False,3,1125,1493
1,False,3,1126,1413
1,False,3,1127,757
1,False,3,1128,1110
1,False,3,1129,1209
1,False,3,1130,1099
1,False,3,1131,734
1,False,3,1132,173
1,False,3,1133,1396
1,False,3,1134,1095
1,False,3,1135,1576
1,False,3,1136,1234
1,False,3,1137,1689
1,False,3,1138,3600
1,False,3,1139,3806
1,False,3,1140,3574
1,False,3,1141,3003
1,False,3,1142,3336
1,False,3,1143,3212
1,False,3,1144,1622
1,False,3,1145,3212
1,False,3,1146,1622
1,False,3,1147,3212
1,False,3,1148,1622
1,False,3,1149,3212
1,False,3,1150,1622
1,False,3,1151,3212
1,False,3,1152,1622
1,False,3,1153,3212
1,False,3,1154,1622
1,False,3,1155,3212
1,False,3,1156,1622
1,False,3,1157,3212
1,False,3,1158,1622
1,False,3,1159,3212
1,False,3,1160,1622
1,False,3,1161,3212
1,False,3,1162,1622
1,False,3,1163,3212
1,False,3,1164,1622
1,False,3,1165,1978
1,False,3,1166,47
1,False,3,1167,3106
1,False,3,1168,3597
1,False,3,1169,4370
1,False,3,1170,3430
1,False,3,1171,7986
1,False,3,1172,27039
1,False,3,1173,13110
1,False,3,1174,25089
1,False,3,1175,70144
1,False,3,1176,88752
1,False,3,1177,76660
1,False,3,1178,83546
1,False,3,1179,8
1,False,3,1180,8
1,False,3,1181,7
1,False,3,1182,7
1,False,3,1183,7
1,False,3,1184,6
1,False,3,1185,7
1,False,3,1186,6
1,False,3,1187,6
1,False,3,1188,7
1,False,3,1189,6
1,False,3,1190,6
1,False,3,1191,4
1,False,3,1192,6
1,False,3,1193,4
1,False,3,1194,6
1,False,3,1195,4
1,False,3,1196,6
1,False,3,1197,4
1,False,3,1198,6
1,False,3,1199,4
1,False,3,1200,6
1,False,3,1201,4
1,False,3,1202,6
1,False,3,1203,4
1,False,3,1204,6
1,False,3,1205,4
1,False,3,1206,6
1,False,3,1207,4
1,False,3,1208,6
1,False,3,1209,4
1,False,3,1210,6
1,False,3,1211,4
1,False,3,1212,7
1,False,3,1213,7
1,False,3,1214,7
1,False,3,1215,3
1,False,3,1216,5
1,False,3,1217,7
1,False,3,1218,5
1,False,3,1219,7
1,False,3,1220,5
1,False,3,1221,7
1,False,3,1222,5
1,False,3,1223,7
1,False,3,1224,5
1,False,3,1225,7
1,False,3,1226,5
1,False,3,1227,7
1,False,3,1228,5
1,False,3,1229,7
1,False,3,1230,5
1,False,3,1231,7
1,False,3,1232,5
1,False,3,1233,7
1,False,3,1234,5
1,False,3,1235,7
1,False,3,1236,5
1,False,3,1237,7
1,False,3,1238,5
1,False,3,1239,7
1,False,3,1240,5
1,False,3,1241,2
1,False,3,1242,4
1,False,3,1243,2
1,False,3,1244,4
1,False,3,1245,2
1,False,3,1246,4
1,False,3,1247,2
1,False,3,1248,4
1,False,3,1249,2
1,False,3,1250,4
1,False,3,1251,2
1,False,3,1252,4
1,False,3,1253,2
1,False,3,1254,4
1,False,3,1255,2
1,False,3,1256,4
1,False,3,1257,2
1,False,3,1258,4
1,False,3,1259,2
1,False,3,1260,4
1,False,3,1261,2
1,False,3,1262,4
1,False,3,1263,2
1,False,3,1264,4
1,False,3,1265,4
1,False,3,1266,4
1,False,3,1267,6
1,False,3,1268,4
1,False,3,1269,6
1,False,3,1270,4
1,False,3,1271,6
1,False,3,1272,4
1,False,3,1273,6
1,False,3,1274,4
1,False,3,1275,6
1,False,3,1276,4
1,False,3,1277,6
1,False,3,1278,4
1,False,3,1279,6
1,False,3,1280,4
1,False,3,1281,6
1,False,3,1282,4
1,False,3,1283,6
1,False,3,1284,4
1,False,3,1285,6
1,False,3,1286,4
1,False,3,1287,6
1,False,3,1288,4
1,False,3,1289,6
1,False,3,1290,4
1,False,3,1291,6
1,False,3,1292,2
1,False,3,1293,3
1,False,3,1294,2
1,False,3,1295,3
1,False,3,1296,2
1,False,3,1297,3
1,False,3,1298,2
1,False,3,1299,3
1,False,3,1300,2
1,False,3,1301,3
1,False,3,1302,2
1,False,3,1303,3
1,False,3,1304,2
1,False,3,1305,3
1,False,3,1306,2
1,False,3,1307,3
1,False,3,1308,2
1,False,3,1309,3
1,False,3,1310,2
1,False,3,1311,3
1,False,3,1312,2
1,False,3,1313,3
1,False,3,1314,2
1,False,3,1315,3
1,False,3,1316,3
1,False,3,1317,2
1,False,3,1318,4
1,False,3,1319,6
1,False,3,1320,4
1,False,3,1321,6
1,False,3,1322,4
1,False,3,1323,6
1,False,3,1324,4
1,False,3,1325,6
1,False,3,1326,4
1,False,3,1327,6
1,False,3,1328,4
1,False,3,1329,6
1,False,3,1330,4
1,False,3,1331,6
1,False,3,1332,4
1,False,3,1333,6
1,False,3,1334,4
1,False,3,1335,6
1,False,3,1336,4
1,False,3,1337,6
1,False,3,1338,4
1,False,3,1339,6
1,False,3,1340,4
1,False,3,1341,4
1,False,3,1342,2
1,False,3,1343,2
1,False,3,1344,2
1,False,3,1345,2
1,False,3,1346,2
1,False,3,1347,2
1,False,3,1348,2
1,False,3,1349,2
1,False,3,1350,2
1,False,3,1351,2
1,False,3,1352,2
1,False,3,1353,2
1,False,3,1354,2
1,False,3,1355,2
1,False,3,1356,2
1,False,3,1357,2
1,False,3,1358,2
1,False,3,1359,2
1,False,3,1360,2
1,False,3,1361,2
1,False,3,1362,2
1,False,3,1363,2
1,False,3,1364,2
1,False,3,1365,2
1,False,3,1366,19
1,False,3,1367,23
1,False,3,1368,21
1,False,3,1369,21
1,False,3,1370,16
1,False,3,1371,27
1,False,3,1372,20
1,False,3,1373,29
1,False,3,1374,15
1,False,3,1375,23
1,False,3,1376,23
1,False,3,1377,31
1,False,3,1378,56
1,False,3,1379,47
1,False,3,1380,88
1,False,3,1381,144
1,False,3,1382,74
1,False,3,1383,179
1,False,3,1384,41
1,False,3,1385,170
1,False,3,1386,138
1,False,3,1387,156
1,False,3,1388,176
1,False,3,1389,79
1,False,3,1390,35
1,False,3,1391,160
1,False,3,1392,198
1,False,3,1393,276
1,False,3,1394,215
1,False,3,1395,448
1,False,3,1396,124
1,False,3,1397,120
1,False,3,1398,167
1,False,3,1399,404
1,False,3,1400,212
1,False,3,1401,118
1,False,3,1402,212
1,False,3,1403,118
1,False,3,1404,212
1,False,3,1405,118
1,False,3,1406,212
1,False,3,1407,118
1,False,3,1408,212
1,False,3,1409,118
1,False,3,1410,212
1,False,3,1411,118
1,False,3,1412,212
1,False,3,1413,118
1,False,3,1414,212
1,False,3,1415,118
1,False,3,1416,212
1,False,3,1417,118
1,False,3,1418,212
1,False,3,1419,118
1,False,3,1420,212
1,False,3,1421,118
1,False,3,1422,212
1,False,3,1423,118
1,False,3,1424,123
1,False,3,1425,442
1,False,3,1426,422
1,False,3,1427,375
1,False,3,1428,422
1,False,3,1429,375
1,False,3,1430,422
1,False,3,1431,375
1,False,3,1432,422
1,False,3,1433,375
1,False,3,1434,422
1,False,3,1435,375
1,False,3,1436,422
1,False,3,1437,375
1,False,3,1438,422
1,False,3,1439,375
1,False,3,1440,422
1,False,3,1441,375
1,False,3,1442,422
1,False,3,1443,375
1,False,3,1444,422
1,False,3,1445,375
1,False,3,1446,422
1,False,3,1447,375
1,False,3,1448,422
1,False,3,1449,249
1,False,3,1450,330
1,False,3,1451,131
1,False,3,1452,53
1,False,3,1453,49
